name,unit,current_stock,minimum_stock,desired_stock,maximum_stock,ordered,final_stock,unit_price,position_cost,priority,scenario,seed
Бумага A4,пач.,2,9,16,18,14,16,140,1960,4,Ремонт + перераспределение,1000
Ручки шариковые,уп.,4,11,18,23,11,15,538,5918,10,Ремонт + перераспределение,1000
Карандаши,уп.,3,10,16,19,7,10,360,2520,1,Ремонт + перераспределение,1000
Ластики,шт.,0,3,8,10,8,8,394,3152,8,Ремонт + перераспределение,1000
Маркеры,уп.,3,8,12,17,9,12,85,765,5,Ремонт + перераспределение,1000
Скотч,шт.,2,8,16,18,14,16,258,3612,6,Ремонт + перераспределение,1000
Клей-карандаш,шт.,4,11,16,20,12,16,125,1500,8,Ремонт + перераспределение,1000
Скобы для степлера,уп.,4,9,12,16,8,12,152,1216,6,Ремонт + перераспределение,1000
Файлы-вкладыши,уп.,3,6,12,17,3,6,316,948,2,Ремонт + перераспределение,1000
Папки-регистраторы,шт.,4,11,17,22,13,17,297,3861,9,Ремонт + перераспределение,1000
Картриджи чёрные,шт.,3,10,16,18,7,10,2464,17248,10,Ремонт + перераспределение,1000
Картриджи цветные,шт.,1,4,12,14,3,4,2384,7152,10,Ремонт + перераспределение,1000
Батарейки AA,уп.,3,7,13,16,4,7,299,1196,2,Ремонт + перераспределение,1000
Перчатки одноразовые,уп.,3,9,17,21,14,17,400,5600,9,Ремонт + перераспределение,1000
Влажные салфетки,уп.,2,9,17,22,14,16,285,3990,7,Ремонт + перераспределение,1000
Средство для мытья,л,1,6,11,13,5,6,301,1505,1,Ремонт + перераспределение,1000
Пакеты для мусора,уп.,4,10,17,22,13,17,156,2028,6,Ремонт + перераспределение,1000
Тетради,уп.,2,8,14,19,12,14,182,2184,7,Ремонт + перераспределение,1000
Степлеры,шт.,0,5,10,15,5,5,365,1825,2,Ремонт + перераспределение,1000
Линейки,шт.,4,9,15,18,11,15,304,3344,7,Ремонт + перераспределение,1000
Ножницы,шт.,3,6,14,18,3,6,511,1533,8,Ремонт + перераспределение,1000
Блокноты,шт.,0,4,12,17,4,4,269,1076,3,Ремонт + перераспределение,1000
Канцелярские ножи,шт.,0,3,6,11,6,6,310,1860,10,Ремонт + перераспределение,1000
Корректоры,шт.,0,7,11,14,7,7,359,2513,2,Ремонт + перераспределение,1000
Кисти,уп.,0,7,12,16,7,7,397,2779,3,Ремонт + перераспределение,1000
Гуашь,уп.,2,9,16,21,14,16,82,1148,3,Ремонт + перераспределение,1000
Пластилин,уп.,1,7,14,17,13,14,359,4667,10,Ремонт + перераспределение,1000
Цветная бумага,уп.,4,9,12,17,5,9,528,2640,3,Ремонт + перераспределение,1000
Бумажные полотенца,уп.,4,9,16,21,12,16,149,1788,7,Ремонт + перераспределение,1000
Антисептик,л,1,8,12,17,7,8,493,3451,1,Ремонт + перераспределение,1000
