scenario,scenario_name,run,seed,best_score,best_cost,budget,is_feasible,fitness_evaluations,final_feasible_share
repair_redistribute,Ремонт + перераспределение,1,1000,13720,94979,95000,True,11660,1.000
penalty_redistribute,Штрафы + перераспределение,1,1000,13580,94983,95000,True,11660,0.750
repair_reset,Ремонт + сброс одной позиции,1,1000,13718,94995,95000,True,11660,1.000
random_search,Случайный допустимый поиск,1,1000,10410,94986,95000,True,11660,1.000
repair_redistribute,Ремонт + перераспределение,2,1001,13720,94960,95000,True,11660,1.000
penalty_redistribute,Штрафы + перераспределение,2,1001,13615,94965,95000,True,11660,0.683
repair_reset,Ремонт + сброс одной позиции,2,1001,13720,94995,95000,True,11660,1.000
random_search,Случайный допустимый поиск,2,1001,10180,90392,95000,True,11660,1.000
repair_redistribute,Ремонт + перераспределение,3,1002,13720,94960,95000,True,11660,1.000
penalty_redistribute,Штрафы + перераспределение,3,1002,13564,94974,95000,True,11660,0.717
repair_reset,Ремонт + сброс одной позиции,3,1002,13718,94995,95000,True,11660,1.000
random_search,Случайный допустимый поиск,3,1002,10342,94957,95000,True,11660,1.000
repair_redistribute,Ремонт + перераспределение,4,1003,13720,94979,95000,True,11660,1.000
penalty_redistribute,Штрафы + перераспределение,4,1003,13376,94984,95000,True,11660,0.633
repair_reset,Ремонт + сброс одной позиции,4,1003,13720,94995,95000,True,11660,1.000
random_search,Случайный допустимый поиск,4,1003,10796,94984,95000,True,11660,1.000
repair_redistribute,Ремонт + перераспределение,5,1004,13720,94979,95000,True,11660,1.000
penalty_redistribute,Штрафы + перераспределение,5,1004,13592,94972,95000,True,11660,0.717
repair_reset,Ремонт + сброс одной позиции,5,1004,13720,94960,95000,True,11660,1.000
random_search,Случайный допустимый поиск,5,1004,10602,92903,95000,True,11660,1.000
repair_redistribute,Ремонт + перераспределение,6,1005,13720,94995,95000,True,11660,1.000
penalty_redistribute,Штрафы + перераспределение,6,1005,13360,94979,95000,True,11660,0.667
repair_reset,Ремонт + сброс одной позиции,6,1005,13720,94960,95000,True,11660,1.000
random_search,Случайный допустимый поиск,6,1005,10340,94930,95000,True,11660,1.000
repair_redistribute,Ремонт + перераспределение,7,1006,13720,94960,95000,True,11660,1.000
penalty_redistribute,Штрафы + перераспределение,7,1006,13156,94999,95000,True,11660,0.650
repair_reset,Ремонт + сброс одной позиции,7,1006,13720,94960,95000,True,11660,1.000
random_search,Случайный допустимый поиск,7,1006,10386,95000,95000,True,11660,1.000
repair_redistribute,Ремонт + перераспределение,8,1007,13720,94960,95000,True,11660,1.000
penalty_redistribute,Штрафы + перераспределение,8,1007,13660,94977,95000,True,11660,0.683
repair_reset,Ремонт + сброс одной позиции,8,1007,13720,94960,95000,True,11660,1.000
random_search,Случайный допустимый поиск,8,1007,10230,91225,95000,True,11660,1.000
repair_redistribute,Ремонт + перераспределение,9,1008,13720,94960,95000,True,11660,1.000
penalty_redistribute,Штрафы + перераспределение,9,1008,13500,94993,95000,True,11660,0.617
repair_reset,Ремонт + сброс одной позиции,9,1008,13720,94995,95000,True,11660,1.000
random_search,Случайный допустимый поиск,9,1008,10392,94961,95000,True,11660,1.000
repair_redistribute,Ремонт + перераспределение,10,1009,13720,94979,95000,True,11660,1.000
penalty_redistribute,Штрафы + перераспределение,10,1009,13658,94955,95000,True,11660,0.800
repair_reset,Ремонт + сброс одной позиции,10,1009,13720,94995,95000,True,11660,1.000
random_search,Случайный допустимый поиск,10,1009,10538,94998,95000,True,11660,1.000
repair_redistribute,Ремонт + перераспределение,11,1010,13720,94995,95000,True,11660,1.000
penalty_redistribute,Штрафы + перераспределение,11,1010,13470,94990,95000,True,11660,0.650
repair_reset,Ремонт + сброс одной позиции,11,1010,13718,94995,95000,True,11660,1.000
random_search,Случайный допустимый поиск,11,1010,10004,94990,95000,True,11660,1.000
repair_redistribute,Ремонт + перераспределение,12,1011,13720,94979,95000,True,11660,1.000
penalty_redistribute,Штрафы + перераспределение,12,1011,13695,94977,95000,True,11660,0.783
repair_reset,Ремонт + сброс одной позиции,12,1011,13720,94995,95000,True,11660,1.000
random_search,Случайный допустимый поиск,12,1011,10542,94022,95000,True,11660,1.000
repair_redistribute,Ремонт + перераспределение,13,1012,13700,94924,95000,True,11660,1.000
penalty_redistribute,Штрафы + перераспределение,13,1012,13663,94984,95000,True,11660,0.633
repair_reset,Ремонт + сброс одной позиции,13,1012,13720,94979,95000,True,11660,1.000
random_search,Случайный допустимый поиск,13,1012,10323,94957,95000,True,11660,1.000
repair_redistribute,Ремонт + перераспределение,14,1013,13720,94960,95000,True,11660,1.000
penalty_redistribute,Штрафы + перераспределение,14,1013,13080,94978,95000,True,11660,0.600
repair_reset,Ремонт + сброс одной позиции,14,1013,13720,94960,95000,True,11660,1.000
random_search,Случайный допустимый поиск,14,1013,10686,94946,95000,True,11660,1.000
repair_redistribute,Ремонт + перераспределение,15,1014,13720,94979,95000,True,11660,1.000
penalty_redistribute,Штрафы + перераспределение,15,1014,13605,94947,95000,True,11660,0.617
repair_reset,Ремонт + сброс одной позиции,15,1014,13710,94984,95000,True,11660,1.000
random_search,Случайный допустимый поиск,15,1014,9820,94912,95000,True,11660,1.000
repair_redistribute,Ремонт + перераспределение,16,1015,13720,94960,95000,True,11660,1.000
penalty_redistribute,Штрафы + перераспределение,16,1015,13260,94952,95000,True,11660,0.750
repair_reset,Ремонт + сброс одной позиции,16,1015,13720,94960,95000,True,11660,1.000
random_search,Случайный допустимый поиск,16,1015,10070,92627,95000,True,11660,1.000
repair_redistribute,Ремонт + перераспределение,17,1016,13700,94932,95000,True,11660,1.000
penalty_redistribute,Штрафы + перераспределение,17,1016,13436,94978,95000,True,11660,0.700
repair_reset,Ремонт + сброс одной позиции,17,1016,13700,94932,95000,True,11660,1.000
random_search,Случайный допустимый поиск,17,1016,10260,94972,95000,True,11660,1.000
repair_redistribute,Ремонт + перераспределение,18,1017,13720,94960,95000,True,11660,1.000
penalty_redistribute,Штрафы + перераспределение,18,1017,13640,94989,95000,True,11660,0.617
repair_reset,Ремонт + сброс одной позиции,18,1017,13720,94995,95000,True,11660,1.000
random_search,Случайный допустимый поиск,18,1017,10110,92426,95000,True,11660,1.000
repair_redistribute,Ремонт + перераспределение,19,1018,13720,94979,95000,True,11660,1.000
penalty_redistribute,Штрафы + перераспределение,19,1018,13640,94997,95000,True,11660,0.650
repair_reset,Ремонт + сброс одной позиции,19,1018,13720,94979,95000,True,11660,1.000
random_search,Случайный допустимый поиск,19,1018,9840,88205,95000,True,11660,1.000
repair_redistribute,Ремонт + перераспределение,20,1019,13720,94960,95000,True,11660,1.000
penalty_redistribute,Штрафы + перераспределение,20,1019,13505,94914,95000,True,11660,0.767
repair_reset,Ремонт + сброс одной позиции,20,1019,13720,94960,95000,True,11660,1.000
random_search,Случайный допустимый поиск,20,1019,10380,89562,95000,True,11660,1.000
